<USER_MODULE_INFO_DB>
  <USER_MODULE_INFO_LIST>
    <USER_MODULE_INFO NAME="ADCINC12_27" PATH="C:\ARCHIVOS DE PROGRAMA\CYPRESS\COMMON\CYPRESSSEMIDEVICEEDITOR\DATA\STDUM\ADCINC12\ADCINC12_27.xml" />
    <USER_MODULE_INFO NAME="AMUX427" PATH="C:\ARCHIVOS DE PROGRAMA\CYPRESS\COMMON\CYPRESSSEMIDEVICEEDITOR\DATA\STDUM\AMUX4\AMUX427.xml" />
    <USER_MODULE_INFO NAME="E2PROM32K" PATH="C:\ARCHIVOS DE PROGRAMA\CYPRESS\COMMON\CYPRESSSEMIDEVICEEDITOR\DATA\STDUM\E2PROM\E2PROM32K.xml" />
    <USER_MODULE_INFO NAME="LCD27" PATH="C:\ARCHIVOS DE PROGRAMA\CYPRESS\COMMON\CYPRESSSEMIDEVICEEDITOR\DATA\STDUM\LCD\LCD27.xml" />
    <USER_MODULE_INFO NAME="PGA27" PATH="C:\ARCHIVOS DE PROGRAMA\CYPRESS\COMMON\CYPRESSSEMIDEVICEEDITOR\DATA\STDUM\PGA\PGA27.xml" />
    <USER_MODULE_INFO NAME="PGA27" PATH="C:\ARCHIVOS DE PROGRAMA\CYPRESS\COMMON\CYPRESSSEMIDEVICEEDITOR\DATA\STDUM\PGA\PGA27.xml" />
    <USER_MODULE_INFO NAME="PGA27" PATH="C:\ARCHIVOS DE PROGRAMA\CYPRESS\COMMON\CYPRESSSEMIDEVICEEDITOR\DATA\STDUM\PGA\PGA27.xml" />
    <USER_MODULE_INFO NAME="PWM0827" PATH="C:\ARCHIVOS DE PROGRAMA\CYPRESS\COMMON\CYPRESSSEMIDEVICEEDITOR\DATA\STDUM\PWM8\PWM0827.xml" />
    <USER_MODULE_INFO NAME="Tmr1627" PATH="C:\ARCHIVOS DE PROGRAMA\CYPRESS\COMMON\CYPRESSSEMIDEVICEEDITOR\DATA\STDUM\TIMER16\Tmr1627.xml" />
    <USER_MODULE_INFO NAME="UART27" PATH="C:\ARCHIVOS DE PROGRAMA\CYPRESS\COMMON\CYPRESSSEMIDEVICEEDITOR\DATA\STDUM\UART\UART27.xml" />
  </USER_MODULE_INFO_LIST>
  <STDDEVICES_INFO_LIST>
    <STDDEVICES_INFO NAME="STDDEVICESBC1" PATH="C:\Archivos de programa\Cypress\Common\CypressSemiDeviceEditor\data\STDDEVICESBC1.xml" />
    <STDDEVICES_INFO NAME="STDDEVICESBC2" PATH="C:\Archivos de programa\Cypress\Common\CypressSemiDeviceEditor\data\STDDEVICESBC2.xml" />
  </STDDEVICES_INFO_LIST>
</USER_MODULE_INFO_DB>